{
	"partitions" : [
		{
			"name" : "Top",
			"pins" : [
				{
					"name" : "display0[0]",
					"strict" : false
				},
				{
					"name" : "display0[1]",
					"strict" : false
				},
				{
					"name" : "display0[2]",
					"strict" : false
				},
				{
					"name" : "display0[3]",
					"strict" : false
				},
				{
					"name" : "display0[4]",
					"strict" : false
				},
				{
					"name" : "display0[5]",
					"strict" : false
				},
				{
					"name" : "display0[6]",
					"strict" : false
				},
				{
					"name" : "display1[0]",
					"strict" : false
				},
				{
					"name" : "display1[1]",
					"strict" : false
				},
				{
					"name" : "display1[2]",
					"strict" : false
				},
				{
					"name" : "display1[3]",
					"strict" : false
				},
				{
					"name" : "display1[4]",
					"strict" : false
				},
				{
					"name" : "display1[5]",
					"strict" : false
				},
				{
					"name" : "display1[6]",
					"strict" : false
				},
				{
					"name" : "display2[0]",
					"strict" : false
				},
				{
					"name" : "display2[1]",
					"strict" : false
				},
				{
					"name" : "display2[2]",
					"strict" : false
				},
				{
					"name" : "display2[3]",
					"strict" : false
				},
				{
					"name" : "display2[4]",
					"strict" : false
				},
				{
					"name" : "display2[5]",
					"strict" : false
				},
				{
					"name" : "display2[6]",
					"strict" : false
				},
				{
					"name" : "display3[0]",
					"strict" : false
				},
				{
					"name" : "display3[1]",
					"strict" : false
				},
				{
					"name" : "display3[2]",
					"strict" : false
				},
				{
					"name" : "display3[3]",
					"strict" : false
				},
				{
					"name" : "display3[4]",
					"strict" : false
				},
				{
					"name" : "display3[5]",
					"strict" : false
				},
				{
					"name" : "display3[6]",
					"strict" : false
				},
				{
					"name" : "display4[0]",
					"strict" : false
				},
				{
					"name" : "display4[1]",
					"strict" : false
				},
				{
					"name" : "display4[2]",
					"strict" : false
				},
				{
					"name" : "display4[3]",
					"strict" : false
				},
				{
					"name" : "display4[4]",
					"strict" : false
				},
				{
					"name" : "display4[5]",
					"strict" : false
				},
				{
					"name" : "display4[6]",
					"strict" : false
				},
				{
					"name" : "display5[0]",
					"strict" : false
				},
				{
					"name" : "display5[1]",
					"strict" : false
				},
				{
					"name" : "display5[2]",
					"strict" : false
				},
				{
					"name" : "display5[3]",
					"strict" : false
				},
				{
					"name" : "display5[4]",
					"strict" : false
				},
				{
					"name" : "display5[5]",
					"strict" : false
				},
				{
					"name" : "display5[6]",
					"strict" : false
				},
				{
					"name" : "display6[0]",
					"strict" : false
				},
				{
					"name" : "display6[1]",
					"strict" : false
				},
				{
					"name" : "display6[2]",
					"strict" : false
				},
				{
					"name" : "display6[3]",
					"strict" : false
				},
				{
					"name" : "display6[4]",
					"strict" : false
				},
				{
					"name" : "display6[5]",
					"strict" : false
				},
				{
					"name" : "display6[6]",
					"strict" : false
				},
				{
					"name" : "display7[0]",
					"strict" : false
				},
				{
					"name" : "display7[1]",
					"strict" : false
				},
				{
					"name" : "display7[2]",
					"strict" : false
				},
				{
					"name" : "display7[3]",
					"strict" : false
				},
				{
					"name" : "display7[4]",
					"strict" : false
				},
				{
					"name" : "display7[5]",
					"strict" : false
				},
				{
					"name" : "display7[6]",
					"strict" : false
				},
				{
					"name" : "switch[0]",
					"strict" : false
				},
				{
					"name" : "switch[1]",
					"strict" : false
				},
				{
					"name" : "clk",
					"strict" : false
				}
			]
		}
	]
}